feature,Label,nonzero_count,total_count,pct_nonzero
Header_Length,DOS-TCP_FLOOD,1120182,1120182,100.0
Header_Length,DDOS-ICMP_FLOOD,777402,1907561,40.75371639491476
Header_Length,DDOS-PSHACK_FLOOD,1641898,1641898,100.0
Header_Length,DDOS-HTTP_FLOOD,27597,27597,100.0
Header_Length,XSS,3705,3705,100.0
Header_Length,RECON-PORTSCAN,76776,76789,99.98307049186732
Header_Length,DDOS-UDP_FLOOD,1964160,1964164,99.99979635101754
Header_Length,MIRAI-GREIP_FLOOD,328034,694290,47.24740382261015
Header_Length,DDOS-SYN_FLOOD,1764599,1764599,100.0
Header_Length,DDOS-ICMP_FRAGMENTATION,330549,431149,76.66699911167602
Header_Length,DDOS-RSTFINFLOOD,1255787,1255787,100.0
Header_Length,BROWSERHIJACKING,5560,5560,100.0
Header_Length,COMMANDINJECTION,5150,5150,100.0
Header_Length,VULNERABILITYSCAN,356256,356322,99.98147742771987
Header_Length,SQLINJECTION,5021,5021,100.0
Header_Length,RECON-PINGSWEEP,2107,2161,97.50115687181861
Header_Length,DOS-HTTP_FLOOD,68441,68441,100.0
Header_Length,DOS-UDP_FLOOD,1851482,1851682,99.98919900933313
Header_Length,MIRAI-GREETH_FLOOD,375696,897596,41.85580149644161
Header_Length,DDOS-ACK_FRAGMENTATION,271535,271535,100.0
Header_Length,DICTIONARYBRUTEFORCE,12520,12520,100.0
Header_Length,BENIGN,1047232,1047308,99.99274329996524
Header_Length,DDOS-SLOWLORIS,22399,22399,100.0
Header_Length,MITM-ARPSPOOFING,269027,269044,99.99368133093472
Header_Length,RECON-HOSTDISCOVERY,127722,127869,99.88503859418624
Header_Length,UPLOADING_ATTACK,1196,1196,100.0
Header_Length,RECON-OSSCAN,92314,92323,99.99025161660691
Header_Length,DNS_SPOOFING,166917,167017,99.94012585545184
Header_Length,MIRAI-UDPPLAIN,767297,767297,100.0
Header_Length,DDOS-SYNONYMOUSIP_FLOOD,1171378,1171378,100.0
Header_Length,DOS-SYN_FLOOD,1138614,1138614,100.0
Header_Length,BACKDOOR_MALWARE,3075,3075,100.0
Header_Length,DDOS-TCP_FLOOD,1560619,1560619,100.0
Header_Length,DDOS-UDP_FRAGMENTATION,273391,273392,99.9996342248493
Time_To_Live,VULNERABILITYSCAN,356256,356322,99.98147742771987
Time_To_Live,DOS-HTTP_FLOOD,68441,68441,100.0
Time_To_Live,DDOS-RSTFINFLOOD,1255787,1255787,100.0
Time_To_Live,XSS,3705,3705,100.0
Time_To_Live,DDOS-ICMP_FRAGMENTATION,431149,431149,100.0
Time_To_Live,RECON-HOSTDISCOVERY,127727,127869,99.88894884608467
Time_To_Live,SQLINJECTION,5021,5021,100.0
Time_To_Live,DOS-TCP_FLOOD,1120182,1120182,100.0
Time_To_Live,COMMANDINJECTION,5150,5150,100.0
Time_To_Live,DDOS-UDP_FRAGMENTATION,273392,273392,100.0
Time_To_Live,DOS-UDP_FLOOD,1851682,1851682,100.0
Time_To_Live,RECON-OSSCAN,92315,92323,99.99133477031725
Time_To_Live,DICTIONARYBRUTEFORCE,12520,12520,100.0
Time_To_Live,DNS_SPOOFING,166931,167017,99.94850823568858
Time_To_Live,DDOS-ACK_FRAGMENTATION,271535,271535,100.0
Time_To_Live,BACKDOOR_MALWARE,3075,3075,100.0
Time_To_Live,DDOS-HTTP_FLOOD,27597,27597,100.0
Time_To_Live,MIRAI-UDPPLAIN,767297,767297,100.0
Time_To_Live,DOS-SYN_FLOOD,1138614,1138614,100.0
Time_To_Live,RECON-PINGSWEEP,2118,2161,98.01018047200371
Time_To_Live,MIRAI-GREETH_FLOOD,897595,897596,99.99988859130389
Time_To_Live,MITM-ARPSPOOFING,269029,269044,99.99442470376593
Time_To_Live,BENIGN,1047232,1047308,99.99274329996524
Time_To_Live,DDOS-TCP_FLOOD,1560619,1560619,100.0
Time_To_Live,DDOS-UDP_FLOOD,1964163,1964164,99.99994908775437
Time_To_Live,DDOS-ICMP_FLOOD,1907560,1907561,99.99994757703685
Time_To_Live,UPLOADING_ATTACK,1196,1196,100.0
Time_To_Live,BROWSERHIJACKING,5560,5560,100.0
Time_To_Live,MIRAI-GREIP_FLOOD,694290,694290,100.0
Time_To_Live,DDOS-PSHACK_FLOOD,1641898,1641898,100.0
Time_To_Live,DDOS-SYN_FLOOD,1764599,1764599,100.0
Time_To_Live,DDOS-SYNONYMOUSIP_FLOOD,1171378,1171378,100.0
Time_To_Live,RECON-PORTSCAN,76776,76789,99.98307049186732
Time_To_Live,DDOS-SLOWLORIS,22399,22399,100.0
Rate,MITM-ARPSPOOFING,269044,269044,100.0
Rate,DOS-HTTP_FLOOD,68441,68441,100.0
Rate,DOS-TCP_FLOOD,1120182,1120182,100.0
Rate,BACKDOOR_MALWARE,3075,3075,100.0
Rate,DICTIONARYBRUTEFORCE,12520,12520,100.0
Rate,DNS_SPOOFING,167017,167017,100.0
Rate,DDOS-SYNONYMOUSIP_FLOOD,1171378,1171378,100.0
Rate,MIRAI-UDPPLAIN,767297,767297,100.0
Rate,MIRAI-GREETH_FLOOD,897596,897596,100.0
Rate,DDOS-ICMP_FRAGMENTATION,431149,431149,100.0
Rate,DDOS-SYN_FLOOD,1764599,1764599,100.0
Rate,VULNERABILITYSCAN,356322,356322,100.0
Rate,DDOS-HTTP_FLOOD,27597,27597,100.0
Rate,UPLOADING_ATTACK,1196,1196,100.0
Rate,RECON-HOSTDISCOVERY,127869,127869,100.0
Rate,DDOS-SLOWLORIS,22399,22399,100.0
Rate,DDOS-UDP_FLOOD,1964164,1964164,100.0
Rate,DDOS-ACK_FRAGMENTATION,271535,271535,100.0
Rate,MIRAI-GREIP_FLOOD,694290,694290,100.0
Rate,RECON-OSSCAN,92323,92323,100.0
Rate,SQLINJECTION,5021,5021,100.0
Rate,DDOS-RSTFINFLOOD,1255787,1255787,100.0
Rate,DDOS-UDP_FRAGMENTATION,273392,273392,100.0
Rate,BENIGN,1047308,1047308,100.0
Rate,DDOS-PSHACK_FLOOD,1641898,1641898,100.0
Rate,XSS,3705,3705,100.0
Rate,COMMANDINJECTION,5150,5150,100.0
Rate,RECON-PORTSCAN,76789,76789,100.0
Rate,DDOS-ICMP_FLOOD,1907561,1907561,100.0
Rate,DOS-SYN_FLOOD,1138614,1138614,100.0
Rate,BROWSERHIJACKING,5560,5560,100.0
Rate,RECON-PINGSWEEP,2161,2161,100.0
Rate,DDOS-TCP_FLOOD,1560619,1560619,100.0
Rate,DOS-UDP_FLOOD,1851682,1851682,100.0
fin_flag_number,MITM-ARPSPOOFING,11461,269044,4.259898009247558
fin_flag_number,BENIGN,96532,1047308,9.217154838882163
fin_flag_number,UPLOADING_ATTACK,143,1196,11.956521739130435
fin_flag_number,RECON-PORTSCAN,19026,76789,24.776986287098413
fin_flag_number,DDOS-SLOWLORIS,9362,22399,41.79650877271307
fin_flag_number,SQLINJECTION,2216,5021,44.1346345349532
fin_flag_number,DOS-UDP_FLOOD,125057,1851682,6.753697449130034
fin_flag_number,DDOS-ICMP_FRAGMENTATION,90367,431149,20.95957545999179
fin_flag_number,DDOS-HTTP_FLOOD,22300,27597,80.80588469761206
fin_flag_number,BROWSERHIJACKING,502,5560,9.028776978417266
fin_flag_number,RECON-HOSTDISCOVERY,7976,127869,6.237633828371224
fin_flag_number,DDOS-SYNONYMOUSIP_FLOOD,28556,1171378,2.437812559225118
fin_flag_number,DOS-HTTP_FLOOD,34849,68441,50.91830920062536
fin_flag_number,BACKDOOR_MALWARE,442,3075,14.373983739837398
fin_flag_number,COMMANDINJECTION,479,5150,9.300970873786408
fin_flag_number,MIRAI-GREIP_FLOOD,28240,694290,4.067464604127958
fin_flag_number,MIRAI-GREETH_FLOOD,24148,897596,2.6902971938377624
fin_flag_number,DDOS-SYN_FLOOD,98839,1764599,5.601215913643837
fin_flag_number,XSS,398,3705,10.742240215924427
fin_flag_number,DDOS-RSTFINFLOOD,1253577,1255787,99.82401474135342
fin_flag_number,DDOS-ACK_FRAGMENTATION,20565,271535,7.5736092953026315
fin_flag_number,RECON-PINGSWEEP,657,2161,30.402591392873667
fin_flag_number,DDOS-UDP_FRAGMENTATION,24414,273392,8.930034529174225
fin_flag_number,DDOS-UDP_FLOOD,109547,1964164,5.577283770601641
fin_flag_number,DDOS-ICMP_FLOOD,53403,1907561,2.7995435008369327
fin_flag_number,DICTIONARYBRUTEFORCE,1925,12520,15.375399361022366
fin_flag_number,DDOS-PSHACK_FLOOD,29185,1641898,1.7775160210926622
fin_flag_number,MIRAI-UDPPLAIN,18762,767297,2.445207005892112
fin_flag_number,RECON-OSSCAN,23437,92323,25.385873509309707
fin_flag_number,DOS-TCP_FLOOD,67020,1120182,5.982956341023155
fin_flag_number,DDOS-TCP_FLOOD,96243,1560619,6.166976052450983
fin_flag_number,VULNERABILITYSCAN,125334,356322,35.1743647599643
fin_flag_number,DNS_SPOOFING,10825,167017,6.481376147338295
fin_flag_number,DOS-SYN_FLOOD,75590,1138614,6.638773104845014
syn_flag_number,MITM-ARPSPOOFING,19362,269044,7.196592378941734
syn_flag_number,RECON-PORTSCAN,42307,76789,55.095130813007074
syn_flag_number,UPLOADING_ATTACK,216,1196,18.06020066889632
syn_flag_number,BENIGN,124178,1047308,11.85687495941977
syn_flag_number,DOS-UDP_FLOOD,218100,1851682,11.778480322215154
syn_flag_number,DOS-HTTP_FLOOD,63260,68441,92.42997618386639
syn_flag_number,DDOS-TCP_FLOOD,214396,1560619,13.73788221212224
syn_flag_number,DDOS-UDP_FRAGMENTATION,73614,273392,26.926171943582837
syn_flag_number,DOS-SYN_FLOOD,1129544,1138614,99.20341748827961
syn_flag_number,DICTIONARYBRUTEFORCE,3638,12520,29.05750798722045
syn_flag_number,DDOS-ICMP_FLOOD,181881,1907561,9.534740959791064
syn_flag_number,DOS-TCP_FLOOD,149375,1120182,13.334886652347567
syn_flag_number,DDOS-SYNONYMOUSIP_FLOOD,1169811,1171378,99.86622593219269
syn_flag_number,BROWSERHIJACKING,788,5560,14.172661870503598
syn_flag_number,DDOS-SLOWLORIS,16817,22399,75.07924460913434
syn_flag_number,VULNERABILITYSCAN,166126,356322,46.622437009222
syn_flag_number,DDOS-HTTP_FLOOD,27185,27597,98.50708410334457
syn_flag_number,DDOS-UDP_FLOOD,241694,1964164,12.305184292146684
syn_flag_number,RECON-OSSCAN,43482,92323,47.097689633135836
syn_flag_number,MIRAI-UDPPLAIN,81279,767297,10.59289949002798
syn_flag_number,DNS_SPOOFING,17560,167017,10.513899782656855
syn_flag_number,DDOS-SYN_FLOOD,1763577,1764599,99.94208315883665
syn_flag_number,DDOS-ACK_FRAGMENTATION,69809,271535,25.709024619294013
syn_flag_number,SQLINJECTION,2617,5021,52.12109141605258
syn_flag_number,COMMANDINJECTION,713,5150,13.844660194174757
syn_flag_number,DDOS-RSTFINFLOOD,103203,1255787,8.218193053439796
syn_flag_number,MIRAI-GREIP_FLOOD,103607,694290,14.922726814443532
syn_flag_number,RECON-HOSTDISCOVERY,90859,127869,71.05631544784114
syn_flag_number,DDOS-PSHACK_FLOOD,123874,1641898,7.544561233401831
syn_flag_number,MIRAI-GREETH_FLOOD,108542,897596,12.092522693951398
syn_flag_number,DDOS-ICMP_FRAGMENTATION,162090,431149,37.59489178914946
syn_flag_number,BACKDOOR_MALWARE,657,3075,21.365853658536587
syn_flag_number,RECON-PINGSWEEP,664,2161,30.726515502082368
syn_flag_number,XSS,619,3705,16.707152496626183
rst_flag_number,SQLINJECTION,105,5021,2.0912168890659233
rst_flag_number,DDOS-SYNONYMOUSIP_FLOOD,12006,1171378,1.024946686722817
rst_flag_number,DDOS-ICMP_FLOOD,18639,1907561,0.9771116100612247
rst_flag_number,BACKDOOR_MALWARE,44,3075,1.4308943089430894
rst_flag_number,DOS-UDP_FLOOD,30309,1851682,1.6368361306098995
rst_flag_number,DDOS-SYN_FLOOD,222253,1764599,12.595099509860313
rst_flag_number,RECON-HOSTDISCOVERY,62983,127869,49.25587906372929
rst_flag_number,XSS,70,3705,1.8893387314439947
rst_flag_number,COMMANDINJECTION,65,5150,1.262135922330097
rst_flag_number,BROWSERHIJACKING,78,5560,1.4028776978417266
rst_flag_number,DOS-HTTP_FLOOD,56102,68441,81.97133297292558
rst_flag_number,BENIGN,13275,1047308,1.2675354337024065
rst_flag_number,DDOS-RSTFINFLOOD,1252914,1255787,99.77121916375947
rst_flag_number,DDOS-UDP_FLOOD,22335,1964164,1.1371250058549083
rst_flag_number,DOS-SYN_FLOOD,305795,1138614,26.85677499134913
rst_flag_number,DICTIONARYBRUTEFORCE,1104,12520,8.817891373801917
rst_flag_number,RECON-PINGSWEEP,38,2161,1.7584451642757983
rst_flag_number,DDOS-PSHACK_FLOOD,588016,1641898,35.813186933658486
rst_flag_number,DNS_SPOOFING,3783,167017,2.265038888256884
rst_flag_number,UPLOADING_ATTACK,23,1196,1.9230769230769231
rst_flag_number,MITM-ARPSPOOFING,4068,269044,1.5120203386806619
rst_flag_number,DDOS-TCP_FLOOD,20145,1560619,1.2908339575514587
rst_flag_number,VULNERABILITYSCAN,23961,356322,6.724535672790341
rst_flag_number,MIRAI-GREIP_FLOOD,17390,694290,2.504717049071713
rst_flag_number,DDOS-HTTP_FLOOD,21637,27597,78.4034496503243
rst_flag_number,DDOS-UDP_FRAGMENTATION,14138,273392,5.171329080587581
rst_flag_number,MIRAI-GREETH_FLOOD,13237,897596,1.4747169105031663
rst_flag_number,DDOS-SLOWLORIS,9422,22399,42.06437787401223
rst_flag_number,MIRAI-UDPPLAIN,11793,767297,1.5369537480271656
rst_flag_number,DOS-TCP_FLOOD,51882,1120182,4.631568798641649
rst_flag_number,DDOS-ICMP_FRAGMENTATION,19440,431149,4.50888208020893
rst_flag_number,DDOS-ACK_FRAGMENTATION,51809,271535,19.08004492975123
rst_flag_number,RECON-OSSCAN,17522,92323,18.979019312630655
rst_flag_number,RECON-PORTSCAN,18955,76789,24.684525127296876
psh_flag_number,DDOS-HTTP_FLOOD,24214,27597,87.74142116896763
psh_flag_number,RECON-PINGSWEEP,1538,2161,71.17075428042573
psh_flag_number,UPLOADING_ATTACK,939,1196,78.51170568561872
psh_flag_number,BACKDOOR_MALWARE,2400,3075,78.04878048780488
psh_flag_number,DDOS-ICMP_FRAGMENTATION,139992,431149,32.469517498590974
psh_flag_number,VULNERABILITYSCAN,298297,356322,83.7155718703869
psh_flag_number,MITM-ARPSPOOFING,161728,269044,60.11210062294643
psh_flag_number,DDOS-SYNONYMOUSIP_FLOOD,96314,1171378,8.222281791189522
psh_flag_number,MIRAI-GREETH_FLOOD,91167,897596,10.156796598915326
psh_flag_number,COMMANDINJECTION,3151,5150,61.18446601941747
psh_flag_number,DDOS-RSTFINFLOOD,109482,1255787,8.718198229476815
psh_flag_number,DOS-UDP_FLOOD,295968,1851682,15.983738028451969
psh_flag_number,DDOS-UDP_FLOOD,226871,1964164,11.550512075366415
psh_flag_number,SQLINJECTION,4360,5021,86.8352917745469
psh_flag_number,DDOS-ACK_FRAGMENTATION,58352,271535,21.489679046900033
psh_flag_number,RECON-OSSCAN,61285,92323,66.38107513837289
psh_flag_number,DOS-TCP_FLOOD,190770,1120182,17.030268295687666
psh_flag_number,DDOS-UDP_FRAGMENTATION,67649,273392,24.744323169661143
psh_flag_number,DOS-HTTP_FLOOD,52925,68441,77.32937858885755
psh_flag_number,MIRAI-UDPPLAIN,80380,767297,10.475734950091034
psh_flag_number,BENIGN,757652,1047308,72.34280650964186
psh_flag_number,DDOS-PSHACK_FLOOD,1634102,1641898,99.52518365939906
psh_flag_number,MIRAI-GREIP_FLOOD,106218,694290,15.2987944518861
psh_flag_number,DICTIONARYBRUTEFORCE,10171,12520,81.23801916932908
psh_flag_number,DNS_SPOOFING,100507,167017,60.17770646101894
psh_flag_number,DDOS-TCP_FLOOD,197395,1560619,12.64850677840011
psh_flag_number,DDOS-ICMP_FLOOD,165130,1907561,8.656603904147756
psh_flag_number,DDOS-SYN_FLOOD,200494,1764599,11.362014826031297
psh_flag_number,BROWSERHIJACKING,4565,5560,82.10431654676259
psh_flag_number,XSS,2887,3705,77.92172739541161
psh_flag_number,RECON-HOSTDISCOVERY,63822,127869,49.91201933228538
psh_flag_number,DOS-SYN_FLOOD,172567,1138614,15.15588250276213
psh_flag_number,DDOS-SLOWLORIS,21934,22399,97.92401446493147
psh_flag_number,RECON-PORTSCAN,45515,76789,59.27281251220878
ack_flag_number,MIRAI-GREETH_FLOOD,197340,897596,21.985392091765117
ack_flag_number,DDOS-ICMP_FLOOD,400377,1907561,20.988948715139387
ack_flag_number,BENIGN,1041328,1047308,99.42901228673895
ack_flag_number,DDOS-HTTP_FLOOD,27174,27597,98.46722469833678
ack_flag_number,DOS-HTTP_FLOOD,66481,68441,97.13621951754065
ack_flag_number,DDOS-ICMP_FRAGMENTATION,239852,431149,55.630883986742404
ack_flag_number,COMMANDINJECTION,4974,5150,96.58252427184466
ack_flag_number,BROWSERHIJACKING,5364,5560,96.47482014388488
ack_flag_number,MIRAI-GREIP_FLOOD,201869,694290,29.07560241397687
ack_flag_number,MITM-ARPSPOOFING,232592,269044,86.45128677837083
ack_flag_number,DDOS-TCP_FLOOD,472471,1560619,30.274589762139254
ack_flag_number,DOS-UDP_FLOOD,604820,1851682,32.66327587566332
ack_flag_number,DNS_SPOOFING,135183,167017,80.93966482453881
ack_flag_number,DOS-TCP_FLOOD,427117,1120182,38.1292504253773
ack_flag_number,DDOS-UDP_FRAGMENTATION,124647,273392,45.59277520922338
ack_flag_number,DDOS-ACK_FRAGMENTATION,271480,271535,99.97974478428195
ack_flag_number,BACKDOOR_MALWARE,2938,3075,95.54471544715447
ack_flag_number,DDOS-SYN_FLOOD,672811,1764599,38.12826596864217
ack_flag_number,DDOS-SYNONYMOUSIP_FLOOD,223293,1171378,19.062420499616692
ack_flag_number,DDOS-UDP_FLOOD,537855,1964164,27.38340586631259
ack_flag_number,VULNERABILITYSCAN,345008,356322,96.82478207913067
ack_flag_number,RECON-PINGSWEEP,2015,2161,93.2438685793614
ack_flag_number,XSS,3549,3705,95.78947368421052
ack_flag_number,DOS-SYN_FLOOD,560872,1138614,49.259187046707666
ack_flag_number,MIRAI-UDPPLAIN,162884,767297,21.22828578764155
ack_flag_number,SQLINJECTION,4874,5021,97.07229635530771
ack_flag_number,DDOS-RSTFINFLOOD,257573,1255787,20.51088281691083
ack_flag_number,RECON-PORTSCAN,68336,76789,88.991912904192
ack_flag_number,RECON-OSSCAN,85521,92323,92.63238846224667
ack_flag_number,RECON-HOSTDISCOVERY,120913,127869,94.56005755890794
ack_flag_number,UPLOADING_ATTACK,1122,1196,93.81270903010034
ack_flag_number,DDOS-PSHACK_FLOOD,1634647,1641898,99.5583769515524
ack_flag_number,DICTIONARYBRUTEFORCE,12166,12520,97.17252396166134
ack_flag_number,DDOS-SLOWLORIS,22381,22399,99.91963926961024
ece_flag_number,DDOS-SLOWLORIS,243,22399,1.084869860261619
ece_flag_number,COMMANDINJECTION,39,5150,0.7572815533980582
ece_flag_number,DDOS-SYN_FLOOD,427,1764599,0.02419813226687763
ece_flag_number,MIRAI-GREIP_FLOOD,865,694290,0.12458770830632733
ece_flag_number,UPLOADING_ATTACK,5,1196,0.4180602006688963
ece_flag_number,BROWSERHIJACKING,0,5560,0.0
ece_flag_number,MIRAI-UDPPLAIN,35,767297,0.004561467072072483
ece_flag_number,MIRAI-GREETH_FLOOD,780,897596,0.08689878297140362
ece_flag_number,RECON-PINGSWEEP,0,2161,0.0
ece_flag_number,DDOS-UDP_FLOOD,709,1964164,0.03609678214242802
ece_flag_number,MITM-ARPSPOOFING,1819,269044,0.6760975899852811
ece_flag_number,RECON-OSSCAN,570,92323,0.6173976148955298
ece_flag_number,DDOS-HTTP_FLOOD,69,27597,0.2500271768670508
ece_flag_number,DDOS-SYNONYMOUSIP_FLOOD,813,1171378,0.06940543530781695
ece_flag_number,DNS_SPOOFING,628,167017,0.37600962776244334
ece_flag_number,DDOS-RSTFINFLOOD,1377,1255787,0.1096523534644012
ece_flag_number,DOS-HTTP_FLOOD,148,68441,0.21624464867550153
ece_flag_number,SQLINJECTION,0,5021,0.0
ece_flag_number,DDOS-PSHACK_FLOOD,803,1641898,0.04890681394337529
ece_flag_number,XSS,35,3705,0.9446693657219973
ece_flag_number,RECON-HOSTDISCOVERY,0,127869,0.0
ece_flag_number,DDOS-UDP_FRAGMENTATION,2956,273392,1.0812313454673144
ece_flag_number,DICTIONARYBRUTEFORCE,82,12520,0.6549520766773163
ece_flag_number,DDOS-ACK_FRAGMENTATION,1677,271535,0.6175999410757361
ece_flag_number,DDOS-ICMP_FLOOD,6282,1907561,0.32932105447741905
ece_flag_number,RECON-PORTSCAN,226,76789,0.29431298753727747
ece_flag_number,DDOS-TCP_FLOOD,1265,1560619,0.08105758035753761
ece_flag_number,DOS-TCP_FLOOD,1129,1120182,0.1007871935096261
ece_flag_number,DOS-UDP_FLOOD,2027,1851682,0.10946804040866628
ece_flag_number,DOS-SYN_FLOOD,1354,1138614,0.11891650726233824
ece_flag_number,DDOS-ICMP_FRAGMENTATION,1922,431149,0.4457855636914384
ece_flag_number,BENIGN,3778,1047308,0.36073437804351727
ece_flag_number,VULNERABILITYSCAN,0,356322,0.0
ece_flag_number,BACKDOOR_MALWARE,0,3075,0.0
cwr_flag_number,DDOS-ACK_FRAGMENTATION,774,271535,0.28504612665033974
cwr_flag_number,DICTIONARYBRUTEFORCE,58,12520,0.463258785942492
cwr_flag_number,DOS-SYN_FLOOD,712,1138614,0.06253216630043193
cwr_flag_number,DOS-UDP_FLOOD,1104,1851682,0.05962146848108909
cwr_flag_number,DDOS-RSTFINFLOOD,539,1255787,0.04292129158846206
cwr_flag_number,DNS_SPOOFING,410,167017,0.24548399264745507
cwr_flag_number,DDOS-HTTP_FLOOD,93,27597,0.3369931514295032
cwr_flag_number,MITM-ARPSPOOFING,1206,269044,0.44825381721948826
cwr_flag_number,MIRAI-GREIP_FLOOD,380,694290,0.05473217243514958
cwr_flag_number,COMMANDINJECTION,31,5150,0.6019417475728156
cwr_flag_number,BENIGN,2383,1047308,0.22753573924767118
cwr_flag_number,VULNERABILITYSCAN,0,356322,0.0
cwr_flag_number,DDOS-SYNONYMOUSIP_FLOOD,190,1171378,0.016220212433561157
cwr_flag_number,DOS-HTTP_FLOOD,98,68441,0.14318902412296722
cwr_flag_number,RECON-HOSTDISCOVERY,0,127869,0.0
cwr_flag_number,DDOS-UDP_FRAGMENTATION,1291,273392,0.47221571955287645
cwr_flag_number,DDOS-ICMP_FRAGMENTATION,762,431149,0.17673704450201672
cwr_flag_number,XSS,29,3705,0.7827260458839407
cwr_flag_number,MIRAI-GREETH_FLOOD,159,897596,0.017713982682632277
cwr_flag_number,DOS-TCP_FLOOD,632,1120182,0.056419403275539154
cwr_flag_number,RECON-PINGSWEEP,0,2161,0.0
cwr_flag_number,DDOS-TCP_FLOOD,438,1560619,0.028065786716681012
cwr_flag_number,DDOS-PSHACK_FLOOD,198,1641898,0.012059214396996646
cwr_flag_number,UPLOADING_ATTACK,5,1196,0.4180602006688963
cwr_flag_number,DDOS-SLOWLORIS,216,22399,0.9643287646769946
cwr_flag_number,RECON-PORTSCAN,169,76789,0.22008360572477828
cwr_flag_number,SQLINJECTION,0,5021,0.0
cwr_flag_number,DDOS-UDP_FLOOD,344,1964164,0.017513812492235884
cwr_flag_number,MIRAI-UDPPLAIN,43,767297,0.005604088117117622
cwr_flag_number,BROWSERHIJACKING,0,5560,0.0
cwr_flag_number,DDOS-ICMP_FLOOD,1091,1907561,0.05719345279128689
cwr_flag_number,DDOS-SYN_FLOOD,143,1764599,0.008103824154949651
cwr_flag_number,BACKDOOR_MALWARE,0,3075,0.0
cwr_flag_number,RECON-OSSCAN,455,92323,0.4928349382060809
ack_count,DDOS-SYN_FLOOD,672811,1764599,38.12826596864217
ack_count,DDOS-SLOWLORIS,22381,22399,99.91963926961024
ack_count,MIRAI-GREIP_FLOOD,201869,694290,29.07560241397687
ack_count,UPLOADING_ATTACK,1122,1196,93.81270903010034
ack_count,DICTIONARYBRUTEFORCE,12166,12520,97.17252396166134
ack_count,SQLINJECTION,4874,5021,97.07229635530771
ack_count,DDOS-ICMP_FRAGMENTATION,239852,431149,55.630883986742404
ack_count,DDOS-RSTFINFLOOD,257573,1255787,20.51088281691083
ack_count,DOS-SYN_FLOOD,560872,1138614,49.259187046707666
ack_count,DNS_SPOOFING,135183,167017,80.93966482453881
ack_count,DDOS-UDP_FLOOD,537855,1964164,27.38340586631259
ack_count,RECON-PINGSWEEP,2015,2161,93.2438685793614
ack_count,XSS,3549,3705,95.78947368421052
ack_count,DOS-UDP_FLOOD,604820,1851682,32.66327587566332
ack_count,DDOS-ICMP_FLOOD,400377,1907561,20.988948715139387
ack_count,BROWSERHIJACKING,5364,5560,96.47482014388488
ack_count,MIRAI-GREETH_FLOOD,197340,897596,21.985392091765117
ack_count,COMMANDINJECTION,4974,5150,96.58252427184466
ack_count,DDOS-HTTP_FLOOD,27174,27597,98.46722469833678
ack_count,DOS-HTTP_FLOOD,66481,68441,97.13621951754065
ack_count,BACKDOOR_MALWARE,2938,3075,95.54471544715447
ack_count,RECON-PORTSCAN,68336,76789,88.991912904192
ack_count,DOS-TCP_FLOOD,427117,1120182,38.1292504253773
ack_count,VULNERABILITYSCAN,345008,356322,96.82478207913067
ack_count,MITM-ARPSPOOFING,232592,269044,86.45128677837083
ack_count,RECON-HOSTDISCOVERY,120913,127869,94.56005755890794
ack_count,DDOS-UDP_FRAGMENTATION,124647,273392,45.59277520922338
ack_count,DDOS-SYNONYMOUSIP_FLOOD,223293,1171378,19.062420499616692
ack_count,DDOS-TCP_FLOOD,472471,1560619,30.274589762139254
ack_count,DDOS-PSHACK_FLOOD,1634647,1641898,99.5583769515524
ack_count,RECON-OSSCAN,85521,92323,92.63238846224667
ack_count,BENIGN,1041328,1047308,99.42901228673895
ack_count,DDOS-ACK_FRAGMENTATION,271480,271535,99.97974478428195
ack_count,MIRAI-UDPPLAIN,162884,767297,21.22828578764155
syn_count,DDOS-UDP_FLOOD,241694,1964164,12.305184292146684
syn_count,XSS,619,3705,16.707152496626183
syn_count,DDOS-HTTP_FLOOD,27185,27597,98.50708410334457
syn_count,RECON-OSSCAN,43482,92323,47.097689633135836
syn_count,MIRAI-UDPPLAIN,81279,767297,10.59289949002798
syn_count,UPLOADING_ATTACK,216,1196,18.06020066889632
syn_count,DNS_SPOOFING,17560,167017,10.513899782656855
syn_count,VULNERABILITYSCAN,166126,356322,46.622437009222
syn_count,BACKDOOR_MALWARE,657,3075,21.365853658536587
syn_count,DOS-HTTP_FLOOD,63260,68441,92.42997618386639
syn_count,MIRAI-GREETH_FLOOD,108542,897596,12.092522693951398
syn_count,COMMANDINJECTION,713,5150,13.844660194174757
syn_count,RECON-PINGSWEEP,664,2161,30.726515502082368
syn_count,BROWSERHIJACKING,788,5560,14.172661870503598
syn_count,MITM-ARPSPOOFING,19362,269044,7.196592378941734
syn_count,DOS-SYN_FLOOD,1129544,1138614,99.20341748827961
syn_count,DDOS-SYN_FLOOD,1763577,1764599,99.94208315883665
syn_count,DDOS-ICMP_FLOOD,181881,1907561,9.534740959791064
syn_count,DDOS-RSTFINFLOOD,103203,1255787,8.218193053439796
syn_count,DDOS-TCP_FLOOD,214396,1560619,13.73788221212224
syn_count,DDOS-SYNONYMOUSIP_FLOOD,1169811,1171378,99.86622593219269
syn_count,DICTIONARYBRUTEFORCE,3638,12520,29.05750798722045
syn_count,DDOS-UDP_FRAGMENTATION,73614,273392,26.926171943582837
syn_count,MIRAI-GREIP_FLOOD,103607,694290,14.922726814443532
syn_count,DDOS-PSHACK_FLOOD,123874,1641898,7.544561233401831
syn_count,DDOS-ACK_FRAGMENTATION,69809,271535,25.709024619294013
syn_count,SQLINJECTION,2617,5021,52.12109141605258
syn_count,DDOS-SLOWLORIS,16817,22399,75.07924460913434
syn_count,RECON-PORTSCAN,42307,76789,55.095130813007074
syn_count,DDOS-ICMP_FRAGMENTATION,162090,431149,37.59489178914946
syn_count,RECON-HOSTDISCOVERY,90859,127869,71.05631544784114
syn_count,BENIGN,124178,1047308,11.85687495941977
syn_count,DOS-TCP_FLOOD,149375,1120182,13.334886652347567
syn_count,DOS-UDP_FLOOD,218100,1851682,11.778480322215154
fin_count,MIRAI-GREIP_FLOOD,28240,694290,4.067464604127958
fin_count,DDOS-SYN_FLOOD,98839,1764599,5.601215913643837
fin_count,BROWSERHIJACKING,502,5560,9.028776978417266
fin_count,BACKDOOR_MALWARE,442,3075,14.373983739837398
fin_count,BENIGN,96532,1047308,9.217154838882163
fin_count,VULNERABILITYSCAN,125334,356322,35.1743647599643
fin_count,DDOS-PSHACK_FLOOD,29185,1641898,1.7775160210926622
fin_count,DNS_SPOOFING,10825,167017,6.481376147338295
fin_count,DDOS-HTTP_FLOOD,22300,27597,80.80588469761206
fin_count,XSS,398,3705,10.742240215924427
fin_count,DDOS-SYNONYMOUSIP_FLOOD,28556,1171378,2.437812559225118
fin_count,DOS-HTTP_FLOOD,34849,68441,50.91830920062536
fin_count,RECON-OSSCAN,23437,92323,25.385873509309707
fin_count,COMMANDINJECTION,479,5150,9.300970873786408
fin_count,DDOS-UDP_FLOOD,109547,1964164,5.577283770601641
fin_count,DDOS-SLOWLORIS,9362,22399,41.79650877271307
fin_count,DOS-SYN_FLOOD,75590,1138614,6.638773104845014
fin_count,DOS-TCP_FLOOD,67020,1120182,5.982956341023155
fin_count,MITM-ARPSPOOFING,11461,269044,4.259898009247558
fin_count,MIRAI-GREETH_FLOOD,24148,897596,2.6902971938377624
fin_count,DICTIONARYBRUTEFORCE,1925,12520,15.375399361022366
fin_count,DDOS-UDP_FRAGMENTATION,24414,273392,8.930034529174225
fin_count,RECON-PORTSCAN,19026,76789,24.776986287098413
fin_count,DDOS-RSTFINFLOOD,1253577,1255787,99.82401474135342
fin_count,RECON-HOSTDISCOVERY,7976,127869,6.237633828371224
fin_count,SQLINJECTION,2216,5021,44.1346345349532
fin_count,DDOS-ACK_FRAGMENTATION,20565,271535,7.5736092953026315
fin_count,MIRAI-UDPPLAIN,18762,767297,2.445207005892112
fin_count,DDOS-TCP_FLOOD,96243,1560619,6.166976052450983
fin_count,DDOS-ICMP_FLOOD,53403,1907561,2.7995435008369327
fin_count,UPLOADING_ATTACK,143,1196,11.956521739130435
fin_count,RECON-PINGSWEEP,657,2161,30.402591392873667
fin_count,DDOS-ICMP_FRAGMENTATION,90367,431149,20.95957545999179
fin_count,DOS-UDP_FLOOD,125057,1851682,6.753697449130034
rst_count,MIRAI-UDPPLAIN,11793,767297,1.5369537480271656
rst_count,DDOS-HTTP_FLOOD,21637,27597,78.4034496503243
rst_count,DOS-TCP_FLOOD,51882,1120182,4.631568798641649
rst_count,MIRAI-GREETH_FLOOD,13237,897596,1.4747169105031663
rst_count,SQLINJECTION,105,5021,2.0912168890659233
rst_count,DOS-HTTP_FLOOD,56102,68441,81.97133297292558
rst_count,DDOS-PSHACK_FLOOD,588016,1641898,35.813186933658486
rst_count,MITM-ARPSPOOFING,4068,269044,1.5120203386806619
rst_count,DDOS-ICMP_FRAGMENTATION,19440,431149,4.50888208020893
rst_count,DDOS-UDP_FLOOD,22335,1964164,1.1371250058549083
rst_count,DDOS-SYN_FLOOD,222253,1764599,12.595099509860313
rst_count,DDOS-RSTFINFLOOD,1252914,1255787,99.77121916375947
rst_count,DDOS-ACK_FRAGMENTATION,51809,271535,19.08004492975123
rst_count,MIRAI-GREIP_FLOOD,17390,694290,2.504717049071713
rst_count,RECON-OSSCAN,17522,92323,18.979019312630655
rst_count,DDOS-UDP_FRAGMENTATION,14138,273392,5.171329080587581
rst_count,UPLOADING_ATTACK,23,1196,1.9230769230769231
rst_count,RECON-PINGSWEEP,38,2161,1.7584451642757983
rst_count,DDOS-SLOWLORIS,9422,22399,42.06437787401223
rst_count,DDOS-SYNONYMOUSIP_FLOOD,12006,1171378,1.024946686722817
rst_count,BACKDOOR_MALWARE,44,3075,1.4308943089430894
rst_count,XSS,70,3705,1.8893387314439947
rst_count,DNS_SPOOFING,3783,167017,2.265038888256884
rst_count,DOS-UDP_FLOOD,30309,1851682,1.6368361306098995
rst_count,RECON-PORTSCAN,18955,76789,24.684525127296876
rst_count,DDOS-TCP_FLOOD,20145,1560619,1.2908339575514587
rst_count,DICTIONARYBRUTEFORCE,1104,12520,8.817891373801917
rst_count,BENIGN,13275,1047308,1.2675354337024065
rst_count,RECON-HOSTDISCOVERY,62983,127869,49.25587906372929
rst_count,COMMANDINJECTION,65,5150,1.262135922330097
rst_count,BROWSERHIJACKING,78,5560,1.4028776978417266
rst_count,DDOS-ICMP_FLOOD,18639,1907561,0.9771116100612247
rst_count,DOS-SYN_FLOOD,305795,1138614,26.85677499134913
rst_count,VULNERABILITYSCAN,23961,356322,6.724535672790341
HTTP,DICTIONARYBRUTEFORCE,1213,12520,9.68849840255591
HTTP,BENIGN,154720,1047308,14.773113544439648
HTTP,BROWSERHIJACKING,650,5560,11.690647482014388
HTTP,DDOS-ICMP_FLOOD,46602,1907561,2.443014928487215
HTTP,UPLOADING_ATTACK,258,1196,21.57190635451505
HTTP,MIRAI-GREETH_FLOOD,13901,897596,1.5486922847249764
HTTP,RECON-OSSCAN,27662,92323,29.962197935509028
HTTP,DDOS-ACK_FRAGMENTATION,22215,271535,8.181265766844053
HTTP,DDOS-SYNONYMOUSIP_FLOOD,122664,1171378,10.471769147107082
HTTP,DDOS-ICMP_FRAGMENTATION,101551,431149,23.553574286383594
HTTP,DDOS-UDP_FRAGMENTATION,8827,273392,3.2286972552232696
HTTP,DOS-SYN_FLOOD,154041,1138614,13.528816613883196
HTTP,MIRAI-GREIP_FLOOD,19732,694290,2.8420400697115036
HTTP,DDOS-SYN_FLOOD,339676,1764599,19.24947254305369
HTTP,MIRAI-UDPPLAIN,18261,767297,2.3799128629461603
HTTP,COMMANDINJECTION,1970,5150,38.25242718446602
HTTP,DDOS-RSTFINFLOOD,156308,1255787,12.447015297976488
HTTP,MITM-ARPSPOOFING,13664,269044,5.078723182825114
HTTP,XSS,714,3705,19.271255060728745
HTTP,RECON-PORTSCAN,22005,76789,28.656448189193767
HTTP,DOS-TCP_FLOOD,221920,1120182,19.811066415993114
HTTP,VULNERABILITYSCAN,188318,356322,52.85051161589798
HTTP,DDOS-SLOWLORIS,13524,22399,60.37769543283182
HTTP,DNS_SPOOFING,47055,167017,28.173778717136578
HTTP,DDOS-UDP_FLOOD,131561,1964164,6.698065945613503
HTTP,RECON-HOSTDISCOVERY,15422,127869,12.060780955509154
HTTP,DDOS-PSHACK_FLOOD,228490,1641898,13.916211603887696
HTTP,DDOS-TCP_FLOOD,318444,1560619,20.4049803315223
HTTP,DOS-UDP_FLOOD,146187,1851682,7.894822113084212
HTTP,BACKDOOR_MALWARE,738,3075,24.0
HTTP,RECON-PINGSWEEP,767,2161,35.492827394724664
HTTP,DDOS-HTTP_FLOOD,23927,27597,86.70145305649164
HTTP,SQLINJECTION,2729,5021,54.351722764389564
HTTP,DOS-HTTP_FLOOD,45300,68441,66.18839584459607
HTTPS,DOS-HTTP_FLOOD,41142,68441,60.11309010680732
HTTPS,MIRAI-UDPPLAIN,92965,767297,12.115908181577668
HTTPS,DDOS-ICMP_FLOOD,257664,1907561,13.507510375814979
HTTPS,BACKDOOR_MALWARE,2498,3075,81.23577235772358
HTTPS,RECON-OSSCAN,69783,92323,75.585715368868
HTTPS,DICTIONARYBRUTEFORCE,9387,12520,74.97603833865814
HTTPS,MIRAI-GREETH_FLOOD,131535,897596,14.654142843773812
HTTPS,DDOS-TCP_FLOOD,365279,1560619,23.406033118909868
HTTPS,DDOS-SYNONYMOUSIP_FLOOD,241883,1171378,20.649440231931965
HTTPS,DDOS-ACK_FRAGMENTATION,90667,271535,33.39053897287643
HTTPS,SQLINJECTION,3884,5021,77.35510854411471
HTTPS,MITM-ARPSPOOFING,224341,269044,83.38450216321493
HTTPS,DDOS-UDP_FLOOD,339700,1964164,17.294889836082934
HTTPS,DOS-UDP_FLOOD,421230,1851682,22.748506493015537
HTTPS,DDOS-PSHACK_FLOOD,255133,1641898,15.53890680176235
HTTPS,RECON-PORTSCAN,48110,76789,62.65220278946203
HTTPS,MIRAI-GREIP_FLOOD,133889,694290,19.28430482939406
HTTPS,DDOS-ICMP_FRAGMENTATION,176724,431149,40.98907802175118
HTTPS,DDOS-SYN_FLOOD,410501,1764599,23.263132303713192
HTTPS,DDOS-UDP_FRAGMENTATION,85500,273392,31.27377538479546
HTTPS,XSS,3110,3705,83.94062078272604
HTTPS,COMMANDINJECTION,3407,5150,66.15533980582524
HTTPS,DOS-SYN_FLOOD,323115,1138614,28.377922632252893
HTTPS,BENIGN,992371,1047308,94.75445618671871
HTTPS,UPLOADING_ATTACK,934,1196,78.09364548494983
HTTPS,DDOS-RSTFINFLOOD,269954,1255787,21.49679842202539
HTTPS,RECON-HOSTDISCOVERY,70102,127869,54.82329571671008
HTTPS,DNS_SPOOFING,102759,167017,61.5260721962435
HTTPS,DDOS-SLOWLORIS,20517,22399,91.59783918924951
HTTPS,BROWSERHIJACKING,4222,5560,75.93525179856115
HTTPS,RECON-PINGSWEEP,1812,2161,83.85006941230911
HTTPS,DDOS-HTTP_FLOOD,15697,27597,56.879370946117334
HTTPS,VULNERABILITYSCAN,261156,356322,73.29213464226177
HTTPS,DOS-TCP_FLOOD,373468,1120182,33.3399394027042
DNS,DDOS-SYN_FLOOD,209894,1764599,11.894713756496518
DNS,DICTIONARYBRUTEFORCE,1303,12520,10.407348242811501
DNS,RECON-HOSTDISCOVERY,16327,127869,12.768536549124496
DNS,DOS-SYN_FLOOD,113558,1138614,9.973353568461304
DNS,MIRAI-GREETH_FLOOD,120205,897596,13.391882316766118
DNS,XSS,918,3705,24.777327935222672
DNS,DOS-HTTP_FLOOD,17463,68441,25.51540743121813
DNS,DDOS-ICMP_FLOOD,196236,1907561,10.287272595738747
DNS,DDOS-HTTP_FLOOD,7334,27597,26.57535239337609
DNS,DDOS-UDP_FLOOD,238537,1964164,12.144454332733927
DNS,MIRAI-GREIP_FLOOD,107213,694290,15.442106324446556
DNS,DDOS-SLOWLORIS,5767,22399,25.746685119871422
DNS,DOS-UDP_FLOOD,199280,1851682,10.762107100463254
DNS,DDOS-SYNONYMOUSIP_FLOOD,102974,1171378,8.790842921755402
DNS,BACKDOOR_MALWARE,743,3075,24.16260162601626
DNS,COMMANDINJECTION,1354,5150,26.291262135922327
DNS,SQLINJECTION,2153,5021,42.87990440151364
DNS,DDOS-RSTFINFLOOD,117049,1255787,9.320768569829118
DNS,RECON-PINGSWEEP,676,2161,31.28181397501157
DNS,VULNERABILITYSCAN,140579,356322,39.45279831163947
DNS,DNS_SPOOFING,17377,167017,10.404330098133723
DNS,RECON-OSSCAN,23490,92323,25.44328065595789
DNS,DDOS-ACK_FRAGMENTATION,66291,271535,24.41342736663782
DNS,RECON-PORTSCAN,18823,76789,24.512625506257407
DNS,DDOS-ICMP_FRAGMENTATION,183612,431149,42.58666957362768
DNS,DDOS-TCP_FLOOD,215513,1560619,13.809456375963642
DNS,DDOS-PSHACK_FLOOD,119393,1641898,7.27164537626576
DNS,MIRAI-UDPPLAIN,101407,767297,13.216134039361553
DNS,BENIGN,169989,1047308,16.2310418711592
DNS,DOS-TCP_FLOOD,123541,1120182,11.028654272252188
DNS,DDOS-UDP_FRAGMENTATION,65996,273392,24.1396968455551
DNS,BROWSERHIJACKING,760,5560,13.66906474820144
DNS,MITM-ARPSPOOFING,34478,269044,12.81500423722514
DNS,UPLOADING_ATTACK,487,1196,40.719063545150505
Telnet,MIRAI-GREIP_FLOOD,0,694290,0.0
Telnet,BACKDOOR_MALWARE,0,3075,0.0
Telnet,BROWSERHIJACKING,0,5560,0.0
Telnet,DDOS-SYNONYMOUSIP_FLOOD,4961,1171378,0.4235182835941942
Telnet,RECON-PINGSWEEP,0,2161,0.0
Telnet,DDOS-ICMP_FRAGMENTATION,0,431149,0.0
Telnet,RECON-HOSTDISCOVERY,471,127869,0.36834572883185135
Telnet,COMMANDINJECTION,0,5150,0.0
Telnet,DDOS-UDP_FRAGMENTATION,0,273392,0.0
Telnet,MIRAI-GREETH_FLOOD,0,897596,0.0
Telnet,RECON-PORTSCAN,243,76789,0.31645157509539124
Telnet,RECON-OSSCAN,203,92323,0.21988020319963605
Telnet,DNS_SPOOFING,0,167017,0.0
Telnet,DDOS-PSHACK_FLOOD,5694,1641898,0.3467937715984793
Telnet,DOS-SYN_FLOOD,2869,1138614,0.2519730128032854
Telnet,DOS-TCP_FLOOD,3647,1120182,0.3255720945346381
Telnet,BENIGN,0,1047308,0.0
Telnet,DDOS-ACK_FRAGMENTATION,172,271535,0.06334358370007549
Telnet,DDOS-UDP_FLOOD,0,1964164,0.0
Telnet,DDOS-SLOWLORIS,0,22399,0.0
Telnet,VULNERABILITYSCAN,103,356322,0.02890643855838259
Telnet,DDOS-SYN_FLOOD,5581,1764599,0.31627582243897906
Telnet,DOS-HTTP_FLOOD,0,68441,0.0
Telnet,XSS,0,3705,0.0
Telnet,MITM-ARPSPOOFING,0,269044,0.0
Telnet,DDOS-ICMP_FLOOD,0,1907561,0.0
Telnet,DDOS-RSTFINFLOOD,5580,1255787,0.4443428702479003
Telnet,DOS-UDP_FLOOD,0,1851682,0.0
Telnet,SQLINJECTION,0,5021,0.0
Telnet,MIRAI-UDPPLAIN,0,767297,0.0
Telnet,DDOS-HTTP_FLOOD,0,27597,0.0
Telnet,UPLOADING_ATTACK,0,1196,0.0
Telnet,DICTIONARYBRUTEFORCE,0,12520,0.0
Telnet,DDOS-TCP_FLOOD,6064,1560619,0.3885637686072001
SMTP,DDOS-SLOWLORIS,0,22399,0.0
SMTP,DDOS-ICMP_FLOOD,0,1907561,0.0
SMTP,DDOS-UDP_FLOOD,0,1964164,0.0
SMTP,DOS-SYN_FLOOD,2866,1138614,0.25170953457449147
SMTP,DDOS-SYN_FLOOD,5573,1764599,0.31582246164709377
SMTP,VULNERABILITYSCAN,65,356322,0.018241927245581244
SMTP,RECON-OSSCAN,194,92323,0.21013181980654877
SMTP,DDOS-RSTFINFLOOD,5591,1255787,0.4452188149741954
SMTP,DDOS-SYNONYMOUSIP_FLOOD,4970,1171378,0.4242866094463103
SMTP,RECON-PINGSWEEP,0,2161,0.0
SMTP,DOS-HTTP_FLOOD,0,68441,0.0
SMTP,MIRAI-GREIP_FLOOD,12,694290,0.001728384392688934
SMTP,UPLOADING_ATTACK,0,1196,0.0
SMTP,DOS-TCP_FLOOD,3645,1120182,0.3253935521192092
SMTP,DOS-UDP_FLOOD,0,1851682,0.0
SMTP,DDOS-TCP_FLOOD,6059,1560619,0.3882433829140873
SMTP,DDOS-ACK_FRAGMENTATION,175,271535,0.06444841364833262
SMTP,DICTIONARYBRUTEFORCE,0,12520,0.0
SMTP,MIRAI-GREETH_FLOOD,24,897596,0.0026738087068124187
SMTP,DDOS-ICMP_FRAGMENTATION,0,431149,0.0
SMTP,DNS_SPOOFING,0,167017,0.0
SMTP,BENIGN,0,1047308,0.0
SMTP,MIRAI-UDPPLAIN,0,767297,0.0
SMTP,COMMANDINJECTION,0,5150,0.0
SMTP,DDOS-PSHACK_FLOOD,5701,1641898,0.3472201074609994
SMTP,DDOS-HTTP_FLOOD,0,27597,0.0
SMTP,DDOS-UDP_FRAGMENTATION,0,273392,0.0
SMTP,BACKDOOR_MALWARE,0,3075,0.0
SMTP,MITM-ARPSPOOFING,0,269044,0.0
SMTP,XSS,0,3705,0.0
SMTP,SQLINJECTION,0,5021,0.0
SMTP,RECON-PORTSCAN,244,76789,0.3177538449517509
SMTP,BROWSERHIJACKING,0,5560,0.0
SMTP,RECON-HOSTDISCOVERY,369,127869,0.2885765901039345
SSH,COMMANDINJECTION,0,5150,0.0
SSH,RECON-PINGSWEEP,58,2161,2.683942619157797
SSH,XSS,0,3705,0.0
SSH,DOS-UDP_FLOOD,9370,1851682,0.5060264127425768
SSH,DOS-SYN_FLOOD,9005,1138614,0.7908738167631876
SSH,BROWSERHIJACKING,0,5560,0.0
SSH,DNS_SPOOFING,0,167017,0.0
SSH,VULNERABILITYSCAN,12396,356322,3.478875848249617
SSH,UPLOADING_ATTACK,0,1196,0.0
SSH,RECON-OSSCAN,2177,92323,2.3580256274167866
SSH,DDOS-SLOWLORIS,0,22399,0.0
SSH,DDOS-ICMP_FLOOD,2284,1907561,0.11973404782337235
SSH,DDOS-ACK_FRAGMENTATION,172,271535,0.06334358370007549
SSH,DDOS-SYNONYMOUSIP_FLOOD,4962,1171378,0.42360365313331816
SSH,DOS-TCP_FLOOD,6961,1120182,0.6214168769003608
SSH,DICTIONARYBRUTEFORCE,4027,12520,32.16453674121406
SSH,SQLINJECTION,181,5021,3.6048595897231626
SSH,DDOS-TCP_FLOOD,14201,1560619,0.9099594455789659
SSH,MIRAI-GREETH_FLOOD,0,897596,0.0
SSH,DDOS-ICMP_FRAGMENTATION,9087,431149,2.1076240464433407
SSH,DDOS-HTTP_FLOOD,233,27597,0.8442946697104757
SSH,DDOS-RSTFINFLOOD,5583,1255787,0.4445817642641626
SSH,MIRAI-GREIP_FLOOD,0,694290,0.0
SSH,RECON-HOSTDISCOVERY,429,127869,0.3354996128850621
SSH,DDOS-UDP_FLOOD,9175,1964164,0.46711985353565183
SSH,BACKDOOR_MALWARE,0,3075,0.0
SSH,DDOS-SYN_FLOOD,13604,1764599,0.7709400266009444
SSH,DOS-HTTP_FLOOD,1438,68441,2.1010797621308863
SSH,DDOS-PSHACK_FLOOD,5699,1641898,0.3470982972145651
SSH,DDOS-UDP_FRAGMENTATION,0,273392,0.0
SSH,MITM-ARPSPOOFING,0,269044,0.0
SSH,MIRAI-UDPPLAIN,0,767297,0.0
SSH,RECON-PORTSCAN,1779,76789,2.3167380744637907
SSH,BENIGN,24850,1047308,2.37274994557475
IRC,RECON-PINGSWEEP,0,2161,0.0
IRC,DNS_SPOOFING,178,167017,0.10657597729572439
IRC,MIRAI-UDPPLAIN,751,767297,0.09787605060361242
IRC,DDOS-PSHACK_FLOOD,5764,1641898,0.3510571302236802
IRC,DDOS-HTTP_FLOOD,0,27597,0.0
IRC,UPLOADING_ATTACK,0,1196,0.0
IRC,DICTIONARYBRUTEFORCE,0,12520,0.0
IRC,DDOS-SLOWLORIS,62,22399,0.27679807134247064
IRC,SQLINJECTION,0,5021,0.0
IRC,COMMANDINJECTION,0,5150,0.0
IRC,DOS-HTTP_FLOOD,69,68441,0.10081676188249734
IRC,DDOS-UDP_FLOOD,97,1964164,0.004938487824845583
IRC,MIRAI-GREETH_FLOOD,339,897596,0.03776754798372542
IRC,BACKDOOR_MALWARE,57,3075,1.8536585365853657
IRC,DDOS-TCP_FLOOD,6249,1560619,0.4004180392523736
IRC,BENIGN,934,1047308,0.0891810241113407
IRC,VULNERABILITYSCAN,439,356322,0.12320317016631024
IRC,RECON-PORTSCAN,434,76789,0.5651851176600815
IRC,DDOS-UDP_FRAGMENTATION,194,273392,0.07096037923567625
IRC,DDOS-ACK_FRAGMENTATION,237,271535,0.08728156591231333
IRC,DDOS-ICMP_FRAGMENTATION,223,431149,0.05172225843038022
IRC,DDOS-ICMP_FLOOD,354,1907561,0.018557728953359814
IRC,DDOS-SYNONYMOUSIP_FLOOD,5173,1171378,0.44161662588848344
IRC,MIRAI-GREIP_FLOOD,534,694290,0.07691310547465756
IRC,MITM-ARPSPOOFING,113,269044,0.04200056496335172
IRC,DOS-SYN_FLOOD,3007,1138614,0.2640930113278073
IRC,XSS,0,3705,0.0
IRC,DDOS-SYN_FLOOD,5829,1764599,0.3303300069874232
IRC,DDOS-RSTFINFLOOD,5959,1255787,0.4745231476357057
IRC,RECON-HOSTDISCOVERY,726,127869,0.5677685756516435
IRC,BROWSERHIJACKING,0,5560,0.0
IRC,DOS-TCP_FLOOD,3909,1120182,0.3489611509558268
IRC,RECON-OSSCAN,194,92323,0.21013181980654877
IRC,DOS-UDP_FLOOD,69,1851682,0.003726341780068068
TCP,MITM-ARPSPOOFING,233885,269044,86.93187731374795
TCP,COMMANDINJECTION,5003,5150,97.14563106796118
TCP,DDOS-HTTP_FLOOD,27597,27597,100.0
TCP,DDOS-PSHACK_FLOOD,1641892,1641898,99.99963456926069
TCP,BENIGN,1042430,1047308,99.5342344372429
TCP,MIRAI-UDPPLAIN,183990,767297,23.97898075973189
TCP,DOS-SYN_FLOOD,1138563,1138614,99.9955208701105
TCP,RECON-HOSTDISCOVERY,126659,127869,99.05371904058059
TCP,RECON-PINGSWEEP,2032,2161,94.0305414160111
TCP,RECON-OSSCAN,91807,92323,99.44109268546299
TCP,XSS,3573,3705,96.43724696356276
TCP,DDOS-ICMP_FLOOD,467808,1907561,24.52388154297556
TCP,DDOS-TCP_FLOOD,1560619,1560619,100.0
TCP,BROWSERHIJACKING,5382,5560,96.79856115107913
TCP,DICTIONARYBRUTEFORCE,12236,12520,97.73162939297124
TCP,DOS-TCP_FLOOD,1120177,1120182,99.99955364396142
TCP,DOS-UDP_FLOOD,675246,1851682,36.466628719186126
TCP,RECON-PORTSCAN,76062,76789,99.05324981442655
TCP,DNS_SPOOFING,136142,167017,81.51385787075567
TCP,DDOS-SYN_FLOOD,1764595,1764599,99.99977331960406
TCP,DDOS-SLOWLORIS,22383,22399,99.92856823965356
TCP,SQLINJECTION,4925,5021,98.08803027285401
TCP,DDOS-UDP_FRAGMENTATION,136273,273392,49.84527711125417
TCP,DDOS-UDP_FLOOD,624440,1964164,31.791642653057483
TCP,DOS-HTTP_FLOOD,68441,68441,100.0
TCP,DDOS-RSTFINFLOOD,1255604,1255787,99.985427465008
TCP,DDOS-SYNONYMOUSIP_FLOOD,1171354,1171378,99.99795113106103
TCP,UPLOADING_ATTACK,1131,1196,94.56521739130434
TCP,VULNERABILITYSCAN,349575,356322,98.10648795190868
TCP,MIRAI-GREIP_FLOOD,223497,694290,32.190727217733226
TCP,BACKDOOR_MALWARE,2963,3075,96.35772357723577
TCP,DDOS-ICMP_FRAGMENTATION,263200,431149,61.04618125056535
TCP,MIRAI-GREETH_FLOOD,224636,897596,25.026403860979773
TCP,DDOS-ACK_FRAGMENTATION,271529,271535,99.99779034010349
UDP,DDOS-SLOWLORIS,15476,22399,69.092370195098
UDP,MIRAI-GREIP_FLOOD,206078,694290,29.681833239712514
UDP,RECON-PINGSWEEP,1484,2161,68.67191115224433
UDP,DDOS-ACK_FRAGMENTATION,121209,271535,44.638444399432856
UDP,RECON-OSSCAN,50216,92323,54.39164671858584
UDP,XSS,2889,3705,77.97570850202429
UDP,DOS-SYN_FLOOD,249700,1138614,21.9301712432835
UDP,DDOS-RSTFINFLOOD,257357,1255787,20.493682447739943
UDP,DDOS-SYN_FLOOD,373459,1764599,21.16395849708631
UDP,RECON-PORTSCAN,39572,76789,51.53342275586347
UDP,COMMANDINJECTION,3343,5150,64.9126213592233
UDP,DOS-TCP_FLOOD,279210,1120182,24.925413905954567
UDP,SQLINJECTION,4254,5021,84.72415853415654
UDP,MIRAI-GREETH_FLOOD,242338,897596,26.998560599646165
UDP,UPLOADING_ATTACK,1015,1196,84.86622073578596
UDP,DDOS-ICMP_FRAGMENTATION,245023,431149,56.83023734254283
UDP,MIRAI-UDPPLAIN,767199,767297,99.98722789219819
UDP,DDOS-PSHACK_FLOOD,261640,1641898,15.935216438536376
UDP,BACKDOOR_MALWARE,2350,3075,76.42276422764228
UDP,DDOS-TCP_FLOOD,369109,1560619,23.65144855983427
UDP,DDOS-UDP_FRAGMENTATION,273251,273392,99.94842570375138
UDP,DDOS-ICMP_FLOOD,383811,1907561,20.12050990767792
UDP,VULNERABILITYSCAN,281849,356322,79.09952234215119
UDP,DOS-UDP_FLOOD,1850687,1851682,99.94626507143235
UDP,DDOS-SYNONYMOUSIP_FLOOD,233225,1171378,19.91031076219632
UDP,DOS-HTTP_FLOOD,34992,68441,51.12724828684561
UDP,RECON-HOSTDISCOVERY,63937,127869,50.001955125949216
UDP,MITM-ARPSPOOFING,137542,269044,51.12249297512675
UDP,DICTIONARYBRUTEFORCE,8158,12520,65.15974440894568
UDP,BENIGN,573327,1047308,54.74292185297925
UDP,DDOS-UDP_FLOOD,1964093,1964164,99.99638523056119
UDP,DNS_SPOOFING,110356,167017,66.07471095756719
UDP,DDOS-HTTP_FLOOD,17708,27597,64.16639489799616
UDP,BROWSERHIJACKING,3194,5560,57.44604316546763
DHCP,DDOS-HTTP_FLOOD,643,27597,2.3299634018190383
DHCP,BROWSERHIJACKING,110,5560,1.9784172661870503
DHCP,DOS-TCP_FLOOD,13326,1120182,1.1896281140029032
DHCP,BACKDOOR_MALWARE,99,3075,3.2195121951219514
DHCP,SQLINJECTION,126,5021,2.509460266879108
DHCP,DDOS-UDP_FRAGMENTATION,6948,273392,2.5414057470591676
DHCP,DDOS-ICMP_FRAGMENTATION,14533,431149,3.3707604563619533
DHCP,DDOS-UDP_FLOOD,21034,1964164,1.0708881743072372
DHCP,RECON-OSSCAN,1440,92323,1.5597413428939702
DHCP,DOS-UDP_FLOOD,15668,1851682,0.846149608842123
DHCP,XSS,100,3705,2.699055330634278
DHCP,BENIGN,13895,1047308,1.3267348287227827
DHCP,RECON-PINGSWEEP,50,2161,2.3137436372049978
DHCP,DDOS-SYN_FLOOD,18671,1764599,1.0580874181612934
DHCP,RECON-PORTSCAN,1193,76789,1.5536079386370445
DHCP,DOS-SYN_FLOOD,10305,1138614,0.9050477159072345
DHCP,DDOS-ICMP_FLOOD,19343,1907561,1.0140173761153641
DHCP,MIRAI-UDPPLAIN,9691,767297,1.2630050684415552
DHCP,DICTIONARYBRUTEFORCE,328,12520,2.619808306709265
DHCP,DDOS-PSHACK_FLOOD,11029,1641898,0.671722603962
DHCP,DDOS-SYNONYMOUSIP_FLOOD,11928,1171378,1.0182878626711447
DHCP,DNS_SPOOFING,2475,167017,1.4818850775669543
DHCP,DDOS-SLOWLORIS,706,22399,3.151926425286843
DHCP,MIRAI-GREETH_FLOOD,12127,897596,1.3510532578130918
DHCP,MIRAI-GREIP_FLOOD,10359,694290,1.4920278269887222
DHCP,COMMANDINJECTION,118,5150,2.29126213592233
DHCP,DOS-HTTP_FLOOD,1529,68441,2.234040998816499
DHCP,DDOS-RSTFINFLOOD,13578,1255787,1.0812343176032242
DHCP,DDOS-TCP_FLOOD,16258,1560619,1.0417661197255705
DHCP,VULNERABILITYSCAN,10160,356322,2.851353551001622
DHCP,UPLOADING_ATTACK,39,1196,3.260869565217391
DHCP,DDOS-ACK_FRAGMENTATION,6430,271535,2.36801885576445
DHCP,RECON-HOSTDISCOVERY,2839,127869,2.220241027927019
DHCP,MITM-ARPSPOOFING,2150,269044,0.7991257935504974
ARP,SQLINJECTION,1529,5021,30.452101175064726
ARP,MITM-ARPSPOOFING,31704,269044,11.783946120337193
ARP,MIRAI-GREIP_FLOOD,206928,694290,29.804260467527975
ARP,DDOS-ACK_FRAGMENTATION,131765,271535,48.52597271070028
ARP,DDOS-PSHACK_FLOOD,211903,1641898,12.90597832508475
ARP,RECON-OSSCAN,15835,92323,17.151739003281953
ARP,BENIGN,178830,1047308,17.075206147570725
ARP,DDOS-SYNONYMOUSIP_FLOOD,160444,1171378,13.697030335212032
ARP,DDOS-ICMP_FLOOD,326655,1907561,17.124223026157487
ARP,DDOS-UDP_FLOOD,288436,1964164,14.684924476774853
ARP,XSS,1348,3705,36.38326585695007
ARP,DDOS-RSTFINFLOOD,164880,1255787,13.129615133776667
ARP,MIRAI-UDPPLAIN,185397,767297,24.1623517360292
ARP,DDOS-ICMP_FRAGMENTATION,233860,431149,54.24110922210187
ARP,DOS-HTTP_FLOOD,14518,68441,21.21243114507386
ARP,RECON-PORTSCAN,12451,76789,16.214561981533812
ARP,BACKDOOR_MALWARE,1090,3075,35.44715447154472
ARP,MIRAI-GREETH_FLOOD,237860,897596,26.499672458433416
ARP,DOS-TCP_FLOOD,119761,1120182,10.691209107091526
ARP,RECON-PINGSWEEP,805,2161,37.25127255900046
ARP,COMMANDINJECTION,1404,5150,27.2621359223301
ARP,DDOS-HTTP_FLOOD,10150,27597,36.77936007537051
ARP,DOS-UDP_FLOOD,171311,1851682,9.251642560655664
ARP,DDOS-SLOWLORIS,8861,22399,39.55980177686504
ARP,DICTIONARYBRUTEFORCE,3489,12520,27.86741214057508
ARP,DDOS-TCP_FLOOD,208407,1560619,13.354124228911731
ARP,VULNERABILITYSCAN,104747,356322,29.396725433736904
ARP,BROWSERHIJACKING,1410,5560,25.359712230215827
ARP,RECON-HOSTDISCOVERY,38991,127869,30.492926354315745
ARP,DOS-SYN_FLOOD,113028,1138614,9.92680574804104
ARP,DNS_SPOOFING,33037,167017,19.780621134375544
ARP,DDOS-SYN_FLOOD,249216,1764599,14.123095388810716
ARP,DDOS-UDP_FRAGMENTATION,137405,273392,50.25933458184585
ARP,UPLOADING_ATTACK,426,1196,35.618729096989966
ICMP,BENIGN,75563,1047308,7.214974009555928
ICMP,RECON-HOSTDISCOVERY,12875,127869,10.068898638450289
ICMP,DDOS-TCP_FLOOD,54493,1560619,3.4917555149591286
ICMP,DDOS-SYNONYMOUSIP_FLOOD,42482,1171378,3.6266687610660266
ICMP,DOS-SYN_FLOOD,35029,1138614,3.0764596254744805
ICMP,DNS_SPOOFING,11621,167017,6.957974337941647
ICMP,DOS-TCP_FLOOD,54821,1120182,4.89393687811445
ICMP,DOS-UDP_FLOOD,664758,1851682,35.90022476861578
ICMP,DDOS-ICMP_FLOOD,1903384,1907561,99.78102928294298
ICMP,DDOS-UDP_FLOOD,431805,1964164,21.984162218633475
ICMP,SQLINJECTION,648,5021,12.90579565823541
ICMP,BROWSERHIJACKING,572,5560,10.287769784172662
ICMP,DOS-HTTP_FLOOD,5823,68441,8.508058035388144
ICMP,COMMANDINJECTION,1334,5150,25.902912621359224
ICMP,UPLOADING_ATTACK,536,1196,44.81605351170568
ICMP,DDOS-UDP_FRAGMENTATION,59300,273392,21.69046643647217
ICMP,DDOS-ICMP_FRAGMENTATION,427427,431149,99.13672535480774
ICMP,MITM-ARPSPOOFING,24659,269044,9.165415322400797
ICMP,DDOS-SLOWLORIS,3394,22399,15.15246216348944
ICMP,DDOS-SYN_FLOOD,58913,1764599,3.3386055415422993
ICMP,BACKDOOR_MALWARE,834,3075,27.121951219512198
ICMP,DDOS-RSTFINFLOOD,52923,1255787,4.214329340883446
ICMP,DDOS-ACK_FRAGMENTATION,33875,271535,12.475371499070102
ICMP,RECON-PORTSCAN,5659,76789,7.369545117139173
ICMP,VULNERABILITYSCAN,42258,356322,11.859497869904189
ICMP,RECON-OSSCAN,6954,92323,7.5322509017254635
ICMP,MIRAI-UDPPLAIN,103375,767297,13.472618816442655
ICMP,DDOS-HTTP_FLOOD,3382,27597,12.254955248758922
ICMP,DDOS-PSHACK_FLOOD,45171,1641898,2.751145320842099
ICMP,XSS,1051,3705,28.367071524966263
ICMP,RECON-PINGSWEEP,247,2161,11.42989356779269
ICMP,MIRAI-GREIP_FLOOD,119410,694290,17.198865027582134
ICMP,DICTIONARYBRUTEFORCE,1844,12520,14.728434504792332
ICMP,MIRAI-GREETH_FLOOD,121388,897596,13.523678804272746
IGMP,DDOS-TCP_FLOOD,1577,1560619,0.10104964760777614
IGMP,DDOS-ICMP_FRAGMENTATION,1667,431149,0.386641277145488
IGMP,DDOS-PSHACK_FLOOD,1280,1641898,0.07795855771795812
IGMP,VULNERABILITYSCAN,1333,356322,0.3740998310516892
IGMP,BENIGN,3072,1047308,0.29332345403644394
IGMP,DDOS-SYNONYMOUSIP_FLOOD,1223,1171378,0.10440694634865945
IGMP,DDOS-RSTFINFLOOD,1294,1255787,0.10304295234781058
IGMP,UPLOADING_ATTACK,7,1196,0.5852842809364548
IGMP,BACKDOOR_MALWARE,17,3075,0.5528455284552846
IGMP,DOS-TCP_FLOOD,1177,1120182,0.10507221147992023
IGMP,DDOS-ICMP_FLOOD,1744,1907561,0.09142564772502688
IGMP,RECON-OSSCAN,216,92323,0.23396120143409552
IGMP,XSS,45,3705,1.214574898785425
IGMP,DDOS-UDP_FLOOD,1622,1964164,0.08257966239071686
IGMP,RECON-HOSTDISCOVERY,581,127869,0.45437127059725185
IGMP,MIRAI-GREIP_FLOOD,1184,694290,0.17053392674530815
IGMP,DDOS-UDP_FRAGMENTATION,1572,273392,0.5749985368993972
IGMP,DDOS-SLOWLORIS,309,22399,1.3795258716907006
IGMP,RECON-PORTSCAN,239,76789,0.3112424956699527
IGMP,COMMANDINJECTION,38,5150,0.7378640776699029
IGMP,RECON-PINGSWEEP,11,2161,0.5090236001850995
IGMP,SQLINJECTION,20,5021,0.3983270264887473
IGMP,BROWSERHIJACKING,25,5560,0.44964028776978415
IGMP,DICTIONARYBRUTEFORCE,64,12520,0.5111821086261981
IGMP,MITM-ARPSPOOFING,360,269044,0.13380710961775769
IGMP,DNS_SPOOFING,493,167017,0.29517953262242763
IGMP,DOS-SYN_FLOOD,1038,1138614,0.09116346716270834
IGMP,DOS-UDP_FLOOD,1422,1851682,0.07679504364140279
IGMP,DOS-HTTP_FLOOD,201,68441,0.29368361070118787
IGMP,DDOS-SYN_FLOOD,1676,1764599,0.09497908589996934
IGMP,DDOS-HTTP_FLOOD,310,27597,1.1233105047650107
IGMP,MIRAI-GREETH_FLOOD,1712,897596,0.19073168775261923
IGMP,MIRAI-UDPPLAIN,1084,767297,0.14127515160361634
IGMP,DDOS-ACK_FRAGMENTATION,1139,271535,0.4194671036882906
IPv,DICTIONARYBRUTEFORCE,12520,12520,100.0
IPv,VULNERABILITYSCAN,356256,356322,99.98147742771987
IPv,MITM-ARPSPOOFING,269029,269044,99.99442470376593
IPv,DOS-TCP_FLOOD,1120182,1120182,100.0
IPv,UPLOADING_ATTACK,1196,1196,100.0
IPv,BACKDOOR_MALWARE,3075,3075,100.0
IPv,DDOS-UDP_FRAGMENTATION,273392,273392,100.0
IPv,DOS-SYN_FLOOD,1138614,1138614,100.0
IPv,DDOS-ICMP_FRAGMENTATION,431149,431149,100.0
IPv,MIRAI-GREIP_FLOOD,694290,694290,100.0
IPv,RECON-HOSTDISCOVERY,127727,127869,99.88894884608467
IPv,DOS-UDP_FLOOD,1851682,1851682,100.0
IPv,BENIGN,1047232,1047308,99.99274329996524
IPv,DDOS-HTTP_FLOOD,27597,27597,100.0
IPv,DDOS-ICMP_FLOOD,1907560,1907561,99.99994757703685
IPv,DDOS-TCP_FLOOD,1560619,1560619,100.0
IPv,BROWSERHIJACKING,5560,5560,100.0
IPv,RECON-PINGSWEEP,2118,2161,98.01018047200371
IPv,DDOS-SLOWLORIS,22399,22399,100.0
IPv,RECON-OSSCAN,92315,92323,99.99133477031725
IPv,DDOS-ACK_FRAGMENTATION,271535,271535,100.0
IPv,DDOS-SYN_FLOOD,1764599,1764599,100.0
IPv,DOS-HTTP_FLOOD,68441,68441,100.0
IPv,RECON-PORTSCAN,76776,76789,99.98307049186732
IPv,XSS,3705,3705,100.0
IPv,DDOS-SYNONYMOUSIP_FLOOD,1171378,1171378,100.0
IPv,DNS_SPOOFING,166931,167017,99.94850823568858
IPv,DDOS-RSTFINFLOOD,1255787,1255787,100.0
IPv,DDOS-UDP_FLOOD,1964163,1964164,99.99994908775437
IPv,SQLINJECTION,5021,5021,100.0
IPv,DDOS-PSHACK_FLOOD,1641898,1641898,100.0
IPv,MIRAI-GREETH_FLOOD,897595,897596,99.99988859130389
IPv,MIRAI-UDPPLAIN,767297,767297,100.0
IPv,COMMANDINJECTION,5150,5150,100.0
LLC,DDOS-HTTP_FLOOD,27597,27597,100.0
LLC,DDOS-ICMP_FLOOD,1907560,1907561,99.99994757703685
LLC,COMMANDINJECTION,5150,5150,100.0
LLC,DDOS-UDP_FLOOD,1964163,1964164,99.99994908775437
LLC,DOS-TCP_FLOOD,1120182,1120182,100.0
LLC,RECON-PINGSWEEP,2118,2161,98.01018047200371
LLC,RECON-HOSTDISCOVERY,127727,127869,99.88894884608467
LLC,MIRAI-GREETH_FLOOD,897595,897596,99.99988859130389
LLC,DOS-UDP_FLOOD,1851682,1851682,100.0
LLC,MIRAI-GREIP_FLOOD,694290,694290,100.0
LLC,DDOS-TCP_FLOOD,1560619,1560619,100.0
LLC,DOS-SYN_FLOOD,1138614,1138614,100.0
LLC,DDOS-PSHACK_FLOOD,1641898,1641898,100.0
LLC,RECON-PORTSCAN,76776,76789,99.98307049186732
LLC,DDOS-ICMP_FRAGMENTATION,431149,431149,100.0
LLC,BACKDOOR_MALWARE,3075,3075,100.0
LLC,SQLINJECTION,5021,5021,100.0
LLC,DDOS-SLOWLORIS,22399,22399,100.0
LLC,DNS_SPOOFING,166931,167017,99.94850823568858
LLC,DDOS-ACK_FRAGMENTATION,271535,271535,100.0
LLC,DDOS-RSTFINFLOOD,1255787,1255787,100.0
LLC,DDOS-SYNONYMOUSIP_FLOOD,1171378,1171378,100.0
LLC,XSS,3705,3705,100.0
LLC,DOS-HTTP_FLOOD,68441,68441,100.0
LLC,RECON-OSSCAN,92315,92323,99.99133477031725
LLC,DDOS-SYN_FLOOD,1764599,1764599,100.0
LLC,BROWSERHIJACKING,5560,5560,100.0
LLC,DICTIONARYBRUTEFORCE,12520,12520,100.0
LLC,MIRAI-UDPPLAIN,767297,767297,100.0
LLC,VULNERABILITYSCAN,356256,356322,99.98147742771987
LLC,UPLOADING_ATTACK,1196,1196,100.0
LLC,MITM-ARPSPOOFING,269029,269044,99.99442470376593
LLC,BENIGN,1047232,1047308,99.99274329996524
LLC,DDOS-UDP_FRAGMENTATION,273392,273392,100.0
Tot_sum,BACKDOOR_MALWARE,3075,3075,100.0
Tot_sum,RECON-HOSTDISCOVERY,127869,127869,100.0
Tot_sum,MIRAI-GREIP_FLOOD,694290,694290,100.0
Tot_sum,DICTIONARYBRUTEFORCE,12520,12520,100.0
Tot_sum,DNS_SPOOFING,167017,167017,100.0
Tot_sum,DDOS-SLOWLORIS,22399,22399,100.0
Tot_sum,DOS-SYN_FLOOD,1138614,1138614,100.0
Tot_sum,DDOS-TCP_FLOOD,1560619,1560619,100.0
Tot_sum,RECON-OSSCAN,92323,92323,100.0
Tot_sum,DDOS-UDP_FLOOD,1964164,1964164,100.0
Tot_sum,MIRAI-GREETH_FLOOD,897596,897596,100.0
Tot_sum,MITM-ARPSPOOFING,269044,269044,100.0
Tot_sum,DDOS-PSHACK_FLOOD,1641898,1641898,100.0
Tot_sum,DDOS-RSTFINFLOOD,1255787,1255787,100.0
Tot_sum,RECON-PINGSWEEP,2161,2161,100.0
Tot_sum,DOS-UDP_FLOOD,1851682,1851682,100.0
Tot_sum,BROWSERHIJACKING,5560,5560,100.0
Tot_sum,UPLOADING_ATTACK,1196,1196,100.0
Tot_sum,DDOS-ACK_FRAGMENTATION,271535,271535,100.0
Tot_sum,DDOS-UDP_FRAGMENTATION,273392,273392,100.0
Tot_sum,DDOS-SYNONYMOUSIP_FLOOD,1171378,1171378,100.0
Tot_sum,COMMANDINJECTION,5150,5150,100.0
Tot_sum,VULNERABILITYSCAN,356322,356322,100.0
Tot_sum,DDOS-HTTP_FLOOD,27597,27597,100.0
Tot_sum,DDOS-ICMP_FRAGMENTATION,431149,431149,100.0
Tot_sum,DOS-TCP_FLOOD,1120182,1120182,100.0
Tot_sum,MIRAI-UDPPLAIN,767297,767297,100.0
Tot_sum,BENIGN,1047308,1047308,100.0
Tot_sum,SQLINJECTION,5021,5021,100.0
Tot_sum,DDOS-SYN_FLOOD,1764599,1764599,100.0
Tot_sum,XSS,3705,3705,100.0
Tot_sum,DDOS-ICMP_FLOOD,1907561,1907561,100.0
Tot_sum,DOS-HTTP_FLOOD,68441,68441,100.0
Tot_sum,RECON-PORTSCAN,76789,76789,100.0
Min,DDOS-ICMP_FRAGMENTATION,431149,431149,100.0
Min,UPLOADING_ATTACK,1196,1196,100.0
Min,DDOS-UDP_FLOOD,1964164,1964164,100.0
Min,BACKDOOR_MALWARE,3075,3075,100.0
Min,BENIGN,1047308,1047308,100.0
Min,DNS_SPOOFING,167017,167017,100.0
Min,DDOS-PSHACK_FLOOD,1641898,1641898,100.0
Min,MIRAI-UDPPLAIN,767297,767297,100.0
Min,SQLINJECTION,5021,5021,100.0
Min,DOS-UDP_FLOOD,1851682,1851682,100.0
Min,BROWSERHIJACKING,5560,5560,100.0
Min,RECON-PINGSWEEP,2161,2161,100.0
Min,MIRAI-GREIP_FLOOD,694290,694290,100.0
Min,DDOS-ICMP_FLOOD,1907561,1907561,100.0
Min,MIRAI-GREETH_FLOOD,897596,897596,100.0
Min,DDOS-HTTP_FLOOD,27597,27597,100.0
Min,MITM-ARPSPOOFING,269044,269044,100.0
Min,DDOS-SYN_FLOOD,1764599,1764599,100.0
Min,RECON-OSSCAN,92323,92323,100.0
Min,DDOS-RSTFINFLOOD,1255787,1255787,100.0
Min,DICTIONARYBRUTEFORCE,12520,12520,100.0
Min,DDOS-TCP_FLOOD,1560619,1560619,100.0
Min,XSS,3705,3705,100.0
Min,DDOS-UDP_FRAGMENTATION,273392,273392,100.0
Min,VULNERABILITYSCAN,356322,356322,100.0
Min,COMMANDINJECTION,5150,5150,100.0
Min,RECON-PORTSCAN,76789,76789,100.0
Min,DDOS-SLOWLORIS,22399,22399,100.0
Min,DOS-SYN_FLOOD,1138614,1138614,100.0
Min,DOS-TCP_FLOOD,1120182,1120182,100.0
Min,DDOS-ACK_FRAGMENTATION,271535,271535,100.0
Min,RECON-HOSTDISCOVERY,127869,127869,100.0
Min,DOS-HTTP_FLOOD,68441,68441,100.0
Min,DDOS-SYNONYMOUSIP_FLOOD,1171378,1171378,100.0
Max,BENIGN,1047308,1047308,100.0
Max,UPLOADING_ATTACK,1196,1196,100.0
Max,DDOS-SYNONYMOUSIP_FLOOD,1171378,1171378,100.0
Max,DDOS-TCP_FLOOD,1560619,1560619,100.0
Max,RECON-HOSTDISCOVERY,127869,127869,100.0
Max,VULNERABILITYSCAN,356322,356322,100.0
Max,DDOS-HTTP_FLOOD,27597,27597,100.0
Max,BROWSERHIJACKING,5560,5560,100.0
Max,RECON-PORTSCAN,76789,76789,100.0
Max,DDOS-ACK_FRAGMENTATION,271535,271535,100.0
Max,DOS-HTTP_FLOOD,68441,68441,100.0
Max,BACKDOOR_MALWARE,3075,3075,100.0
Max,DDOS-UDP_FLOOD,1964164,1964164,100.0
Max,MIRAI-GREETH_FLOOD,897596,897596,100.0
Max,DICTIONARYBRUTEFORCE,12520,12520,100.0
Max,COMMANDINJECTION,5150,5150,100.0
Max,RECON-PINGSWEEP,2161,2161,100.0
Max,DDOS-UDP_FRAGMENTATION,273392,273392,100.0
Max,MITM-ARPSPOOFING,269044,269044,100.0
Max,DDOS-ICMP_FLOOD,1907561,1907561,100.0
Max,MIRAI-GREIP_FLOOD,694290,694290,100.0
Max,MIRAI-UDPPLAIN,767297,767297,100.0
Max,SQLINJECTION,5021,5021,100.0
Max,DDOS-SYN_FLOOD,1764599,1764599,100.0
Max,RECON-OSSCAN,92323,92323,100.0
Max,DOS-UDP_FLOOD,1851682,1851682,100.0
Max,DOS-TCP_FLOOD,1120182,1120182,100.0
Max,DNS_SPOOFING,167017,167017,100.0
Max,DDOS-ICMP_FRAGMENTATION,431149,431149,100.0
Max,DDOS-PSHACK_FLOOD,1641898,1641898,100.0
Max,DOS-SYN_FLOOD,1138614,1138614,100.0
Max,DDOS-SLOWLORIS,22399,22399,100.0
Max,XSS,3705,3705,100.0
Max,DDOS-RSTFINFLOOD,1255787,1255787,100.0
AVG,BACKDOOR_MALWARE,3075,3075,100.0
AVG,BROWSERHIJACKING,5560,5560,100.0
AVG,DICTIONARYBRUTEFORCE,12520,12520,100.0
AVG,DDOS-SYNONYMOUSIP_FLOOD,1171378,1171378,100.0
AVG,DOS-HTTP_FLOOD,68441,68441,100.0
AVG,XSS,3705,3705,100.0
AVG,DDOS-TCP_FLOOD,1560619,1560619,100.0
AVG,MIRAI-UDPPLAIN,767297,767297,100.0
AVG,DOS-UDP_FLOOD,1851682,1851682,100.0
AVG,DDOS-UDP_FLOOD,1964164,1964164,100.0
AVG,DDOS-SLOWLORIS,22399,22399,100.0
AVG,COMMANDINJECTION,5150,5150,100.0
AVG,DDOS-HTTP_FLOOD,27597,27597,100.0
AVG,DOS-SYN_FLOOD,1138614,1138614,100.0
AVG,MIRAI-GREETH_FLOOD,897596,897596,100.0
AVG,BENIGN,1047308,1047308,100.0
AVG,RECON-PINGSWEEP,2161,2161,100.0
AVG,DDOS-UDP_FRAGMENTATION,273392,273392,100.0
AVG,DDOS-ICMP_FLOOD,1907561,1907561,100.0
AVG,RECON-PORTSCAN,76789,76789,100.0
AVG,DDOS-ACK_FRAGMENTATION,271535,271535,100.0
AVG,DDOS-ICMP_FRAGMENTATION,431149,431149,100.0
AVG,DOS-TCP_FLOOD,1120182,1120182,100.0
AVG,UPLOADING_ATTACK,1196,1196,100.0
AVG,MIRAI-GREIP_FLOOD,694290,694290,100.0
AVG,SQLINJECTION,5021,5021,100.0
AVG,RECON-OSSCAN,92323,92323,100.0
AVG,MITM-ARPSPOOFING,269044,269044,100.0
AVG,VULNERABILITYSCAN,356322,356322,100.0
AVG,DDOS-RSTFINFLOOD,1255787,1255787,100.0
AVG,DDOS-SYN_FLOOD,1764599,1764599,100.0
AVG,DDOS-PSHACK_FLOOD,1641898,1641898,100.0
AVG,RECON-HOSTDISCOVERY,127869,127869,100.0
AVG,DNS_SPOOFING,167017,167017,100.0
Std,DDOS-TCP_FLOOD,765488,1560619,49.05028068990573
Std,BENIGN,987763,1047308,94.31447100566405
Std,DDOS-UDP_FRAGMENTATION,273390,273392,99.9992684496986
Std,COMMANDINJECTION,4334,5150,84.15533980582525
Std,UPLOADING_ATTACK,1165,1196,97.40802675585284
Std,DDOS-SLOWLORIS,22188,22399,99.05799366043126
Std,DICTIONARYBRUTEFORCE,12321,12520,98.41054313099042
Std,DOS-UDP_FLOOD,1389644,1851682,75.04765937131754
Std,RECON-OSSCAN,76883,92323,83.27610671230354
Std,MIRAI-UDPPLAIN,433981,767297,56.55971546871681
Std,VULNERABILITYSCAN,347104,356322,97.41301407154204
Std,DDOS-SYN_FLOOD,817660,1764599,46.336873136616305
Std,RECON-HOSTDISCOVERY,86196,127869,67.40961452736785
Std,XSS,3552,3705,95.87044534412955
Std,DNS_SPOOFING,156159,167017,93.49886538496082
Std,RECON-PORTSCAN,57365,76789,74.70471031007045
Std,DOS-SYN_FLOOD,499631,1138614,43.88063031018414
Std,DDOS-PSHACK_FLOOD,454217,1641898,27.664142352326394
Std,SQLINJECTION,4996,5021,99.50209121688907
Std,MIRAI-GREIP_FLOOD,438155,694290,63.10835529821832
Std,DDOS-ICMP_FRAGMENTATION,431145,431149,99.99907224648555
Std,DDOS-UDP_FLOOD,1178373,1964164,59.99361560439963
Std,RECON-PINGSWEEP,2092,2161,96.80703378065711
Std,DOS-HTTP_FLOOD,64919,68441,94.85396180651948
Std,MITM-ARPSPOOFING,245566,269044,91.27354633442857
Std,BACKDOOR_MALWARE,2859,3075,92.97560975609757
Std,DDOS-RSTFINFLOOD,467612,1255787,37.23656957748408
Std,DDOS-ACK_FRAGMENTATION,271498,271535,99.98637376397149
Std,DDOS-ICMP_FLOOD,709066,1907561,37.171340785432285
Std,DOS-TCP_FLOOD,586739,1120182,52.37889914317495
Std,BROWSERHIJACKING,4985,5560,89.65827338129496
Std,DDOS-SYNONYMOUSIP_FLOOD,414474,1171378,35.3834543588833
Std,MIRAI-GREETH_FLOOD,527640,897596,58.78368441927103
Std,DDOS-HTTP_FLOOD,27098,27597,98.19183244555568
Tot_size,BENIGN,1047308,1047308,100.0
Tot_size,DDOS-ACK_FRAGMENTATION,271535,271535,100.0
Tot_size,BACKDOOR_MALWARE,3075,3075,100.0
Tot_size,RECON-PINGSWEEP,2161,2161,100.0
Tot_size,MIRAI-GREIP_FLOOD,694290,694290,100.0
Tot_size,DOS-UDP_FLOOD,1851682,1851682,100.0
Tot_size,DOS-SYN_FLOOD,1138614,1138614,100.0
Tot_size,DOS-HTTP_FLOOD,68441,68441,100.0
Tot_size,COMMANDINJECTION,5150,5150,100.0
Tot_size,DDOS-UDP_FRAGMENTATION,273392,273392,100.0
Tot_size,DDOS-RSTFINFLOOD,1255787,1255787,100.0
Tot_size,UPLOADING_ATTACK,1196,1196,100.0
Tot_size,MIRAI-UDPPLAIN,767297,767297,100.0
Tot_size,DDOS-PSHACK_FLOOD,1641898,1641898,100.0
Tot_size,VULNERABILITYSCAN,356322,356322,100.0
Tot_size,DNS_SPOOFING,167017,167017,100.0
Tot_size,RECON-OSSCAN,92323,92323,100.0
Tot_size,DDOS-ICMP_FLOOD,1907561,1907561,100.0
Tot_size,DDOS-SLOWLORIS,22399,22399,100.0
Tot_size,DOS-TCP_FLOOD,1120182,1120182,100.0
Tot_size,DDOS-SYN_FLOOD,1764599,1764599,100.0
Tot_size,DDOS-UDP_FLOOD,1964164,1964164,100.0
Tot_size,XSS,3705,3705,100.0
Tot_size,RECON-HOSTDISCOVERY,127869,127869,100.0
Tot_size,MIRAI-GREETH_FLOOD,897596,897596,100.0
Tot_size,RECON-PORTSCAN,76789,76789,100.0
Tot_size,DDOS-HTTP_FLOOD,27597,27597,100.0
Tot_size,SQLINJECTION,5021,5021,100.0
Tot_size,DDOS-SYNONYMOUSIP_FLOOD,1171378,1171378,100.0
Tot_size,DDOS-ICMP_FRAGMENTATION,431149,431149,100.0
Tot_size,BROWSERHIJACKING,5560,5560,100.0
Tot_size,DICTIONARYBRUTEFORCE,12520,12520,100.0
Tot_size,MITM-ARPSPOOFING,269044,269044,100.0
Tot_size,DDOS-TCP_FLOOD,1560619,1560619,100.0
IAT,DDOS-HTTP_FLOOD,27597,27597,100.0
IAT,SQLINJECTION,5021,5021,100.0
IAT,XSS,3705,3705,100.0
IAT,MITM-ARPSPOOFING,269044,269044,100.0
IAT,RECON-OSSCAN,92323,92323,100.0
IAT,DDOS-ACK_FRAGMENTATION,271535,271535,100.0
IAT,DDOS-SYN_FLOOD,1764599,1764599,100.0
IAT,DDOS-SYNONYMOUSIP_FLOOD,1171378,1171378,100.0
IAT,MIRAI-UDPPLAIN,767297,767297,100.0
IAT,DICTIONARYBRUTEFORCE,12520,12520,100.0
IAT,RECON-HOSTDISCOVERY,127869,127869,100.0
IAT,UPLOADING_ATTACK,1196,1196,100.0
IAT,DDOS-UDP_FLOOD,1964164,1964164,100.0
IAT,DOS-SYN_FLOOD,1138614,1138614,100.0
IAT,DNS_SPOOFING,167017,167017,100.0
IAT,DDOS-ICMP_FLOOD,1907561,1907561,100.0
IAT,RECON-PORTSCAN,76789,76789,100.0
IAT,DOS-UDP_FLOOD,1851682,1851682,100.0
IAT,COMMANDINJECTION,5150,5150,100.0
IAT,DDOS-ICMP_FRAGMENTATION,431149,431149,100.0
IAT,VULNERABILITYSCAN,356322,356322,100.0
IAT,DDOS-RSTFINFLOOD,1255787,1255787,100.0
IAT,DOS-HTTP_FLOOD,68441,68441,100.0
IAT,DOS-TCP_FLOOD,1120182,1120182,100.0
IAT,BACKDOOR_MALWARE,3075,3075,100.0
IAT,MIRAI-GREIP_FLOOD,694290,694290,100.0
IAT,DDOS-TCP_FLOOD,1560619,1560619,100.0
IAT,BROWSERHIJACKING,5560,5560,100.0
IAT,BENIGN,1047308,1047308,100.0
IAT,MIRAI-GREETH_FLOOD,897596,897596,100.0
IAT,DDOS-UDP_FRAGMENTATION,273392,273392,100.0
IAT,DDOS-SLOWLORIS,22399,22399,100.0
IAT,DDOS-PSHACK_FLOOD,1641898,1641898,100.0
IAT,RECON-PINGSWEEP,2161,2161,100.0
Number,MIRAI-UDPPLAIN,767297,767297,100.0
Number,XSS,3705,3705,100.0
Number,BROWSERHIJACKING,5560,5560,100.0
Number,DDOS-ICMP_FRAGMENTATION,431149,431149,100.0
Number,DOS-TCP_FLOOD,1120182,1120182,100.0
Number,DDOS-TCP_FLOOD,1560619,1560619,100.0
Number,MIRAI-GREIP_FLOOD,694290,694290,100.0
Number,DDOS-SYNONYMOUSIP_FLOOD,1171378,1171378,100.0
Number,DDOS-UDP_FRAGMENTATION,273392,273392,100.0
Number,DOS-UDP_FLOOD,1851682,1851682,100.0
Number,RECON-OSSCAN,92323,92323,100.0
Number,COMMANDINJECTION,5150,5150,100.0
Number,RECON-PORTSCAN,76789,76789,100.0
Number,DDOS-SYN_FLOOD,1764599,1764599,100.0
Number,MITM-ARPSPOOFING,269044,269044,100.0
Number,DDOS-PSHACK_FLOOD,1641898,1641898,100.0
Number,DDOS-ICMP_FLOOD,1907561,1907561,100.0
Number,DICTIONARYBRUTEFORCE,12520,12520,100.0
Number,DDOS-UDP_FLOOD,1964164,1964164,100.0
Number,DNS_SPOOFING,167017,167017,100.0
Number,RECON-HOSTDISCOVERY,127869,127869,100.0
Number,DOS-HTTP_FLOOD,68441,68441,100.0
Number,RECON-PINGSWEEP,2161,2161,100.0
Number,SQLINJECTION,5021,5021,100.0
Number,BACKDOOR_MALWARE,3075,3075,100.0
Number,VULNERABILITYSCAN,356322,356322,100.0
Number,DDOS-RSTFINFLOOD,1255787,1255787,100.0
Number,DDOS-ACK_FRAGMENTATION,271535,271535,100.0
Number,DDOS-SLOWLORIS,22399,22399,100.0
Number,DOS-SYN_FLOOD,1138614,1138614,100.0
Number,UPLOADING_ATTACK,1196,1196,100.0
Number,DDOS-HTTP_FLOOD,27597,27597,100.0
Number,BENIGN,1047308,1047308,100.0
Number,MIRAI-GREETH_FLOOD,897596,897596,100.0
Variance,DDOS-PSHACK_FLOOD,454217,1641898,27.664142352326394
Variance,DDOS-ICMP_FLOOD,709066,1907561,37.171340785432285
Variance,DOS-TCP_FLOOD,586739,1120182,52.37889914317495
Variance,DDOS-ICMP_FRAGMENTATION,431145,431149,99.99907224648555
Variance,DDOS-HTTP_FLOOD,27098,27597,98.19183244555568
Variance,DDOS-SLOWLORIS,22188,22399,99.05799366043126
Variance,DDOS-UDP_FRAGMENTATION,273390,273392,99.9992684496986
Variance,RECON-OSSCAN,76883,92323,83.27610671230354
Variance,DDOS-TCP_FLOOD,765488,1560619,49.05028068990573
Variance,MITM-ARPSPOOFING,245566,269044,91.27354633442857
Variance,VULNERABILITYSCAN,347104,356322,97.41301407154204
Variance,DOS-HTTP_FLOOD,64919,68441,94.85396180651948
Variance,DDOS-SYN_FLOOD,817660,1764599,46.336873136616305
Variance,SQLINJECTION,4996,5021,99.50209121688907
Variance,DOS-SYN_FLOOD,499631,1138614,43.88063031018414
Variance,BENIGN,987763,1047308,94.31447100566405
Variance,COMMANDINJECTION,4334,5150,84.15533980582525
Variance,DDOS-UDP_FLOOD,1178373,1964164,59.99361560439963
Variance,XSS,3552,3705,95.87044534412955
Variance,RECON-PINGSWEEP,2092,2161,96.80703378065711
Variance,DDOS-ACK_FRAGMENTATION,271498,271535,99.98637376397149
Variance,UPLOADING_ATTACK,1165,1196,97.40802675585284
Variance,RECON-HOSTDISCOVERY,86196,127869,67.40961452736785
Variance,BACKDOOR_MALWARE,2859,3075,92.97560975609757
Variance,BROWSERHIJACKING,4985,5560,89.65827338129496
Variance,MIRAI-GREIP_FLOOD,438155,694290,63.10835529821832
Variance,DDOS-RSTFINFLOOD,467612,1255787,37.23656957748408
Variance,DOS-UDP_FLOOD,1389644,1851682,75.04765937131754
Variance,MIRAI-GREETH_FLOOD,527640,897596,58.78368441927103
Variance,DICTIONARYBRUTEFORCE,12321,12520,98.41054313099042
Variance,RECON-PORTSCAN,57365,76789,74.70471031007045
Variance,MIRAI-UDPPLAIN,433981,767297,56.55971546871681
Variance,DNS_SPOOFING,156159,167017,93.49886538496082
Variance,DDOS-SYNONYMOUSIP_FLOOD,414474,1171378,35.3834543588833
